sample_type,study,transit,swab_type,filter_type,location,boat,old_fastq_name,read,is.duplicated,sample.names
bilgedribble,ChesapeakeBay,two,drip,drip,Norfolk,Callinectes,Box5-39,R1,not_duplicate,Box5-39
bilgedribble,ChesapeakeBay,two,drip,drip,Norfolk,Callinectes,Box5-42,R1,not_duplicate,Box5-42
blank,ChesapeakeBay,NA,NA,NA,NA,NA,Box10-4,R1,not_duplicate,Box10-4
blank,ChesapeakeBay,NA,NA,NA,NA,NA,Box1-23,R1,not_duplicate,Box1-23
boat,ChesapeakeBay,one,bilgebiofilm,nonfilter,Baltimore,NA,Box1-13o,R1,not_duplicate,Box1-13o
boat,ChesapeakeBay,one,bilgewater,nonfilter,Baltimore,NA,Box1-19o,R1,not_duplicate,Box1-19o
boat,ChesapeakeBay,one,hull,nonfilter,Baltimore,Callinectes,Box1-7o,R1,not_duplicate,Box1-7o
openwater,ChesapeakeBay,one,nonswab,post,Baltimore,NA,Box1-21,R1,not_duplicate,Box1-21
openwater,ChesapeakeBay,one,nonswab,pre,Baltimore,Callinectes,Box1-9,R1,not_duplicate,Box1-9
boat,ChesapeakeBay,one,rear,nonfilter,Baltimore,NA,Box1-5o,R1,not_duplicate,Box1-5o
boat,ChesapeakeBay,two,bilgebiofilm,nonfilter,Norfolk,NA,Box5-14,R1,not_duplicate,Box5-14
boat,ChesapeakeBay,two,bilgewater,nonfilter,Norfolk,NA,Box5-13,R1,not_duplicate,Box5-13
boat,ChesapeakeBay,two,hull,nonfilter,Norfolk,Callinectes,Box5-15,R1,not_duplicate,Box5-15
openwater,ChesapeakeBay,two,nonswab,post,Norfolk,NA,Box5-2,R1,not_duplicate,Box5-2
openwater,ChesapeakeBay,two,nonswab,pre,Norfolk,Callinectes,Box5-1,R1,not_duplicate,Box5-1
boat,ChesapeakeBay,two,rear,nonfilter,Norfolk,NA,Box5-16,R1,not_duplicate,Box5-16
boat,ChesapeakeBay,three,bilgebiofilm,nonfilter,Baltimore,NA,Box7-6,R1,not_duplicate,Box7-6
boat,ChesapeakeBay,three,bilgewater,nonfilter,Baltimore,NA,Box7-5,R1,not_duplicate,Box7-5
boat,ChesapeakeBay,three,hull,nonfilter,Baltimore,Lookdown,Box7-7,R1,not_duplicate,Box7-7
openwater,ChesapeakeBay,three,nonswab,post,Baltimore,Lookdown,Box7-32,R1,not_duplicate,Box7-32
openwater,ChesapeakeBay,three,nonswab,pre,Baltimore,Lookdown,Box7-31,R1,not_duplicate,Box7-31
boat,ChesapeakeBay,three,rear,nonfilter,Baltimore,Lookdown,Box7-8,R1,not_duplicate,Box7-8
boat,ChesapeakeBay,four,bilgebiofilm,nonfilter,Norfolk,Lookdown,Box11-2,R1,not_duplicate,Box11-2
boat,ChesapeakeBay,four,bilgewater,nonfilter,Norfolk,Lookdown,Box11-1,R1,not_duplicate,Box11-1
boat,ChesapeakeBay,four,hull,nonfilter,Norfolk,Lookdown,Box11-3,R1,not_duplicate,Box11-3
openwater,ChesapeakeBay,four,nonswab,post,Norfolk,Lookdown,Box11-33,R1,not_duplicate,Box11-33
openwater,ChesapeakeBay,four,nonswab,pre,Norfolk,Lookdown,Box11-32,R1,not_duplicate,Box11-32
boat,ChesapeakeBay,four,rear,nonfilter,Norfolk,Lookdown,Box11-4,R1,not_duplicate,Box11-4
boat,ChesapeakeBay,one,bilgebiofilm,nonfilter,Baltimore,Callinectes,Box2-34,R1,not_duplicate,Box2-34
boat,ChesapeakeBay,one,bilgewater,nonfilter,Baltimore,Callinectes,Box2-33,R1,not_duplicate,Box2-33
boat,ChesapeakeBay,one,hull,nonfilter,Baltimore,Callinectes,Box2-35,R1,not_duplicate,Box2-35
openwater,ChesapeakeBay,one,nonswab,post,Baltimore,Callinectes,Box2-2,R1,not_duplicate,Box2-2
openwater,ChesapeakeBay,one,nonswab,pre,Baltimore,Callinectes,Box2-1,R1,not_duplicate,Box2-1
boat,ChesapeakeBay,one,rear,nonfilter,Baltimore,Callinectes,Box2-36,R1,not_duplicate,Box2-36
boat,ChesapeakeBay,two,bilgebiofilm,nonfilter,Norfolk,Callinectes,Box5-18,R1,not_duplicate,Box5-18
boat,ChesapeakeBay,two,bilgewater,nonfilter,Norfolk,Callinectes,Box5-17,R1,not_duplicate,Box5-17
boat,ChesapeakeBay,two,hull,nonfilter,Norfolk,Callinectes,Box5-19,R1,not_duplicate,Box5-19
openwater,ChesapeakeBay,two,nonswab,post,Norfolk,Callinectes,Box5-4,R1,not_duplicate,Box5-4
openwater,ChesapeakeBay,two,nonswab,pre,Norfolk,Callinectes,Box5-3,R1,not_duplicate,Box5-3
boat,ChesapeakeBay,three,bilgebiofilm,nonfilter,Baltimore,Lookdown,Box7-10,R1,not_duplicate,Box7-10
boat,ChesapeakeBay,three,bilgewater,nonfilter,Baltimore,Lookdown,Box7-9,R1,not_duplicate,Box7-9
boat,ChesapeakeBay,three,hull,nonfilter,Baltimore,Lookdown,Box7-11,R1,not_duplicate,Box7-11
openwater,ChesapeakeBay,three,nonswab,post,Baltimore,Lookdown,Box7-34,R1,not_duplicate,Box7-34
openwater,ChesapeakeBay,three,nonswab,pre,Baltimore,Lookdown,Box7-33,R1,not_duplicate,Box7-33
boat,ChesapeakeBay,three,rear,nonfilter,Baltimore,Lookdown,Box7-12,R1,not_duplicate,Box7-12
boat,ChesapeakeBay,four,bilgebiofilm,nonfilter,Norfolk,Lookdown,Box10-30,R1,not_duplicate,Box10-30
boat,ChesapeakeBay,four,bilgewater,nonfilter,Norfolk,Lookdown,Box10-29,R1,not_duplicate,Box10-29
boat,ChesapeakeBay,four,hull,nonfilter,Norfolk,Lookdown,Box10-31,R1,not_duplicate,Box10-31
openwater,ChesapeakeBay,four,nonswab,post,Norfolk,Lookdown,Box10-52,R1,not_duplicate,Box10-52
openwater,ChesapeakeBay,four,nonswab,pre,Norfolk,Lookdown,Box10-51,R1,not_duplicate,Box10-51
boat,ChesapeakeBay,four,rear,nonfilter,Norfolk,Lookdown,Box10-32,R1,not_duplicate,Box10-32
boat,ChesapeakeBay,one,bilgebiofilm,nonfilter,Baltimore,Callinectes,Box2-30,R1,not_duplicate,Box2-30
boat,ChesapeakeBay,one,bilgewater,nonfilter,Baltimore,Callinectes,Box2-29,R1,not_duplicate,Box2-29
boat,ChesapeakeBay,one,hull,nonfilter,Baltimore,Callinectes,Box2-31,R1,not_duplicate,Box2-31
openwater,ChesapeakeBay,one,nonswab,post,Baltimore,Callinectes,Box2-4,R1,not_duplicate,Box2-4
openwater,ChesapeakeBay,one,nonswab,pre,Baltimore,Callinectes,Box2-3,R1,not_duplicate,Box2-3
boat,ChesapeakeBay,one,rear,nonfilter,Baltimore,Callinectes,Box2-32,R1,not_duplicate,Box2-32
boat,ChesapeakeBay,three,bilgebiofilm,nonfilter,Baltimore,Lookdown,Box7-14,R1,not_duplicate,Box7-14
boat,ChesapeakeBay,three,bilgewater,nonfilter,Baltimore,Lookdown,Box7-13,R1,not_duplicate,Box7-13
boat,ChesapeakeBay,three,hull,nonfilter,Baltimore,Lookdown,Box7-15,R1,not_duplicate,Box7-15
openwater,ChesapeakeBay,three,nonswab,post,Baltimore,Lookdown,Box7-36,R1,not_duplicate,Box7-36
openwater,ChesapeakeBay,three,nonswab,pre,Baltimore,Lookdown,Box7-35,R1,not_duplicate,Box7-35
boat,ChesapeakeBay,three,rear,nonfilter,Baltimore,Lookdown,Box7-16,R1,not_duplicate,Box7-16
boat,ChesapeakeBay,one,bilgebiofilm,nonfilter,Baltimore,Callinectes,Box2-26,R1,not_duplicate,Box2-26
boat,ChesapeakeBay,one,bilgewater,nonfilter,Baltimore,Callinectes,Box2-25,R1,not_duplicate,Box2-25
boat,ChesapeakeBay,one,hull,nonfilter,Baltimore,Callinectes,Box2-27,R1,not_duplicate,Box2-27
openwater,ChesapeakeBay,one,nonswab,post,Baltimore,Callinectes,Box2-6,R1,not_duplicate,Box2-6
openwater,ChesapeakeBay,one,nonswab,pre,Baltimore,Callinectes,Box2-5,R1,not_duplicate,Box2-5
boat,ChesapeakeBay,one,rear,nonfilter,Baltimore,Callinectes,Box2-28,R1,not_duplicate,Box2-28
boat,ChesapeakeBay,two,bilgebiofilm,nonfilter,Norfolk,Callinectes,Box4-20,R1,not_duplicate,Box4-20
boat,ChesapeakeBay,two,bilgewater,nonfilter,Norfolk,Callinectes,Box4-19,R1,not_duplicate,Box4-19
boat,ChesapeakeBay,two,hull,nonfilter,Norfolk,Callinectes,Box4-21,R1,not_duplicate,Box4-21
openwater,ChesapeakeBay,two,nonswab,post,Norfolk,Callinectes,Box4-4,R1,not_duplicate,Box4-4
openwater,ChesapeakeBay,two,nonswab,pre,Norfolk,Callinectes,Box4-3,R1,not_duplicate,Box4-3
boat,ChesapeakeBay,two,rear,nonfilter,Norfolk,Callinectes,Box4-22,R1,not_duplicate,Box4-22
boat,ChesapeakeBay,three,bilgebiofilm,nonfilter,Baltimore,Lookdown,Box7-18,R1,not_duplicate,Box7-18
boat,ChesapeakeBay,three,bilgewater,nonfilter,Baltimore,Lookdown,Box7-17,R1,not_duplicate,Box7-17
boat,ChesapeakeBay,three,hull,nonfilter,Baltimore,Lookdown,Box7-19,R1,not_duplicate,Box7-19
openwater,ChesapeakeBay,three,nonswab,post,Baltimore,Lookdown,Box7-38,R1,not_duplicate,Box7-38
openwater,ChesapeakeBay,three,nonswab,pre,Baltimore,Lookdown,Box7-37,R1,not_duplicate,Box7-37
boat,ChesapeakeBay,three,rear,nonfilter,Baltimore,Lookdown,Box7-20,R1,not_duplicate,Box7-20
boat,ChesapeakeBay,four,bilgebiofilm,nonfilter,Norfolk,Lookdown,Box10-26,R1,not_duplicate,Box10-26
boat,ChesapeakeBay,four,bilgewater,nonfilter,Norfolk,Lookdown,Box10-25,R1,not_duplicate,Box10-25
boat,ChesapeakeBay,four,hull,nonfilter,Norfolk,Lookdown,Box10-27,R1,not_duplicate,Box10-27
openwater,ChesapeakeBay,four,nonswab,post,Norfolk,Lookdown,Box10-50,R1,not_duplicate,Box10-50
openwater,ChesapeakeBay,four,nonswab,pre,Norfolk,Lookdown,Box10-49,R1,not_duplicate,Box10-49
boat,ChesapeakeBay,four,rear,nonfilter,Norfolk,Lookdown,Box10-28,R1,not_duplicate,Box10-28
boat,ChesapeakeBay,one,bilgebiofilm,nonfilter,Baltimore,Callinectes,Box2-22,R1,not_duplicate,Box2-22
boat,ChesapeakeBay,one,bilgewater,nonfilter,Baltimore,Callinectes,Box2-21,R1,not_duplicate,Box2-21
boat,ChesapeakeBay,one,hull,nonfilter,Baltimore,Callinectes,Box2-23,R1,not_duplicate,Box2-23
openwater,ChesapeakeBay,one,nonswab,post,Baltimore,Callinectes,Box2-8,R1,not_duplicate,Box2-8
openwater,ChesapeakeBay,one,nonswab,pre,Baltimore,Callinectes,Box2-7,R1,not_duplicate,Box2-7
boat,ChesapeakeBay,one,rear,nonfilter,Baltimore,Callinectes,Box2-24,R1,not_duplicate,Box2-24
boat,ChesapeakeBay,three,bilgebiofilm,nonfilter,Baltimore,Lookdown,Box7-22,R1,not_duplicate,Box7-22
boat,ChesapeakeBay,three,bilgewater,nonfilter,Baltimore,Lookdown,Box7-21,R1,not_duplicate,Box7-21
boat,ChesapeakeBay,three,hull,nonfilter,Baltimore,Lookdown,Box7-23,R1,not_duplicate,Box7-23
openwater,ChesapeakeBay,three,nonswab,post,Baltimore,Lookdown,Box7-40,R1,not_duplicate,Box7-40
openwater,ChesapeakeBay,three,nonswab,pre,Baltimore,Lookdown,Box7-39,R1,not_duplicate,Box7-39
boat,ChesapeakeBay,three,rear,nonfilter,Baltimore,Lookdown,Box7-24,R1,not_duplicate,Box7-24
boat,ChesapeakeBay,one,bilgebiofilm,nonfilter,Baltimore,Callinectes,Box2-18,R1,not_duplicate,Box2-18
boat,ChesapeakeBay,one,bilgewater,nonfilter,Baltimore,Callinectes,Box2-17,R1,not_duplicate,Box2-17
boat,ChesapeakeBay,one,hull,nonfilter,Baltimore,Callinectes,Box2-19,R1,not_duplicate,Box2-19
openwater,ChesapeakeBay,one,nonswab,post,Baltimore,Callinectes,Box2-10,R1,not_duplicate,Box2-10
openwater,ChesapeakeBay,one,nonswab,pre,Baltimore,Callinectes,Box2-9,R1,not_duplicate,Box2-9
boat,ChesapeakeBay,one,rear,nonfilter,Baltimore,Callinectes,Box2-20,R1,not_duplicate,Box2-20
boat,ChesapeakeBay,two,bilgebiofilm,nonfilter,Norfolk,Callinectes,Box4-24,R1,not_duplicate,Box4-24
boat,ChesapeakeBay,two,bilgewater,nonfilter,Norfolk,Callinectes,Box4-23,R1,not_duplicate,Box4-23
boat,ChesapeakeBay,two,hull,nonfilter,Norfolk,Callinectes,Box4-25,R1,not_duplicate,Box4-25
openwater,ChesapeakeBay,two,nonswab,post,Norfolk,Callinectes,Box4-6,R1,not_duplicate,Box4-6
openwater,ChesapeakeBay,two,nonswab,pre,Norfolk,Callinectes,Box4-5,R1,not_duplicate,Box4-5
boat,ChesapeakeBay,two,rear,nonfilter,Norfolk,Callinectes,Box4-26,R1,not_duplicate,Box4-26
boat,ChesapeakeBay,three,bilgebiofilm,nonfilter,Baltimore,Lookdown,Box8-20,R1,not_duplicate,Box8-20
boat,ChesapeakeBay,three,bilgewater,nonfilter,Baltimore,Lookdown,Box8-19,R1,not_duplicate,Box8-19
boat,ChesapeakeBay,three,hull,nonfilter,Baltimore,Lookdown,Box8-21,R1,not_duplicate,Box8-21
openwater,ChesapeakeBay,three,nonswab,post,Baltimore,Lookdown,Box8-2,R1,not_duplicate,Box8-2
openwater,ChesapeakeBay,three,nonswab,pre,Baltimore,Lookdown,Box8-1,R1,not_duplicate,Box8-1
boat,ChesapeakeBay,three,rear,nonfilter,Baltimore,Lookdown,Box8-22,R1,not_duplicate,Box8-22
boat,ChesapeakeBay,four,bilgebiofilm,nonfilter,Norfolk,Lookdown,Box10-22,R1,not_duplicate,Box10-22
boat,ChesapeakeBay,four,bilgewater,nonfilter,Norfolk,Lookdown,Box10-21,R1,not_duplicate,Box10-21
boat,ChesapeakeBay,four,hull,nonfilter,Norfolk,Lookdown,Box10-23,R1,not_duplicate,Box10-23
openwater,ChesapeakeBay,four,nonswab,post,Norfolk,Lookdown,Box10-48,R1,not_duplicate,Box10-48
openwater,ChesapeakeBay,four,nonswab,pre,Norfolk,Lookdown,Box10-47,R1,not_duplicate,Box10-47
boat,ChesapeakeBay,four,rear,nonfilter,Norfolk,Lookdown,Box10-24,R1,not_duplicate,Box10-24
boat,ChesapeakeBay,one,bilgebiofilm,nonfilter,Baltimore,Callinectes,Box2-14,R1,not_duplicate,Box2-14
boat,ChesapeakeBay,one,bilgewater,nonfilter,Baltimore,Callinectes,Box2-13,R1,not_duplicate,Box2-13
boat,ChesapeakeBay,one,hull,nonfilter,Baltimore,Callinectes,Box2-15,R1,not_duplicate,Box2-15
openwater,ChesapeakeBay,one,nonswab,post,Baltimore,Callinectes,Box2-12,R1,not_duplicate,Box2-12
openwater,ChesapeakeBay,one,nonswab,pre,Baltimore,Callinectes,Box2-11,R1,not_duplicate,Box2-11
boat,ChesapeakeBay,one,rear,nonfilter,Baltimore,Callinectes,Box2-16,R1,not_duplicate,Box2-16
boat,ChesapeakeBay,three,bilgebiofilm,nonfilter,Baltimore,Lookdown,Box8-24,R1,not_duplicate,Box8-24
boat,ChesapeakeBay,three,bilgewater,nonfilter,Baltimore,Lookdown,Box8-23,R1,not_duplicate,Box8-23
boat,ChesapeakeBay,three,hull,nonfilter,Baltimore,Lookdown,Box8-25,R1,not_duplicate,Box8-25
openwater,ChesapeakeBay,three,nonswab,post,Baltimore,Lookdown,Box8-4,R1,not_duplicate,Box8-4
openwater,ChesapeakeBay,three,nonswab,pre,Baltimore,Lookdown,Box8-3,R1,not_duplicate,Box8-3
boat,ChesapeakeBay,three,rear,nonfilter,Baltimore,Lookdown,Box8-26,R1,not_duplicate,Box8-26
boat,ChesapeakeBay,one,bilgebiofilm,nonfilter,Baltimore,Callinectes,Box3-24,R1,not_duplicate,Box3-24
boat,ChesapeakeBay,one,bilgewater,nonfilter,Baltimore,Callinectes,Box3-23,R1,not_duplicate,Box3-23
boat,ChesapeakeBay,one,hull,nonfilter,Baltimore,Callinectes,Box3-25,R1,not_duplicate,Box3-25
openwater,ChesapeakeBay,one,nonswab,post,Baltimore,Callinectes,Box3-2,R1,not_duplicate,Box3-2
openwater,ChesapeakeBay,one,nonswab,pre,Baltimore,Callinectes,Box3-1,R1,not_duplicate,Box3-1
boat,ChesapeakeBay,one,rear,nonfilter,Baltimore,Callinectes,Box3-26,R1,not_duplicate,Box3-26
boat,ChesapeakeBay,two,bilgebiofilm,nonfilter,Norfolk,Callinectes,Box4-28,R1,not_duplicate,Box4-28
boat,ChesapeakeBay,two,bilgewater,nonfilter,Norfolk,Callinectes,Box4-27,R1,not_duplicate,Box4-27
openwater,ChesapeakeBay,two,nonswab,post,Norfolk,Callinectes,Box4-8,R1,not_duplicate,Box4-8
openwater,ChesapeakeBay,two,nonswab,pre,Norfolk,Callinectes,Box4-7,R1,not_duplicate,Box4-7
boat,ChesapeakeBay,two,rear,nonfilter,Norfolk,Callinectes,Box4-30,R1,not_duplicate,Box4-30
boat,ChesapeakeBay,three,bilgebiofilm,nonfilter,Baltimore,Lookdown,Box8-28,R1,not_duplicate,Box8-28
boat,ChesapeakeBay,three,bilgewater,nonfilter,Baltimore,Lookdown,Box8-27,R1,not_duplicate,Box8-27
boat,ChesapeakeBay,three,hull,nonfilter,Baltimore,Lookdown,Box8-29,R1,not_duplicate,Box8-29
openwater,ChesapeakeBay,three,nonswab,post,Baltimore,Lookdown,Box8-6,R1,not_duplicate,Box8-6
openwater,ChesapeakeBay,three,nonswab,pre,Baltimore,Lookdown,Box8-5,R1,not_duplicate,Box8-5
boat,ChesapeakeBay,three,rear,nonfilter,Baltimore,Lookdown,Box8-30,R1,not_duplicate,Box8-30
boat,ChesapeakeBay,four,bilgebiofilm,nonfilter,Norfolk,Lookdown,Box10-18,R1,not_duplicate,Box10-18
boat,ChesapeakeBay,four,bilgewater,nonfilter,Norfolk,Lookdown,Box10-17,R1,not_duplicate,Box10-17
boat,ChesapeakeBay,four,hull,nonfilter,Norfolk,Lookdown,Box10-19,R1,not_duplicate,Box10-19
openwater,ChesapeakeBay,four,nonswab,post,Norfolk,Lookdown,Box10-46,R1,not_duplicate,Box10-46
openwater,ChesapeakeBay,four,nonswab,pre,Norfolk,Lookdown,Box10-45,R1,not_duplicate,Box10-45
boat,ChesapeakeBay,four,rear,nonfilter,Norfolk,Lookdown,Box10-20,R1,not_duplicate,Box10-20
boat,ChesapeakeBay,one,bilgebiofilm,nonfilter,Baltimore,Callinectes,Box3-28,R1,not_duplicate,Box3-28
boat,ChesapeakeBay,one,bilgewater,nonfilter,Baltimore,Callinectes,Box3-27,R1,not_duplicate,Box3-27
boat,ChesapeakeBay,one,hull,nonfilter,Baltimore,Callinectes,Box3-29,R1,not_duplicate,Box3-29
openwater,ChesapeakeBay,one,nonswab,post,Baltimore,Callinectes,Box3-4,R1,not_duplicate,Box3-4
openwater,ChesapeakeBay,one,nonswab,pre,Baltimore,Callinectes,Box3-3,R1,not_duplicate,Box3-3
boat,ChesapeakeBay,one,rear,nonfilter,Baltimore,Callinectes,Box3-30,R1,not_duplicate,Box3-30
boat,ChesapeakeBay,three,bilgebiofilm,nonfilter,Baltimore,Lookdown,Box8-32,R1,not_duplicate,Box8-32
boat,ChesapeakeBay,three,bilgewater,nonfilter,Baltimore,Lookdown,Box8-31,R1,not_duplicate,Box8-31
boat,ChesapeakeBay,three,hull,nonfilter,Baltimore,Lookdown,Box8-33,R1,not_duplicate,Box8-33
openwater,ChesapeakeBay,three,nonswab,post,Baltimore,Lookdown,Box8-8,R1,not_duplicate,Box8-8
openwater,ChesapeakeBay,three,nonswab,pre,Baltimore,Lookdown,Box8-7,R1,not_duplicate,Box8-7
boat,ChesapeakeBay,three,rear,nonfilter,Baltimore,Lookdown,Box8-34,R1,not_duplicate,Box8-34
boat,ChesapeakeBay,one,bilgebiofilm,nonfilter,Baltimore,Callinectes,Box3-32,R1,not_duplicate,Box3-32
boat,ChesapeakeBay,one,bilgewater,nonfilter,Baltimore,Callinectes,Box3-31,R1,not_duplicate,Box3-31
openwater,ChesapeakeBay,one,nonswab,post,Baltimore,Callinectes,Box3-6,R1,not_duplicate,Box3-6
openwater,ChesapeakeBay,one,nonswab,pre,Baltimore,Callinectes,Box3-5,R1,not_duplicate,Box3-5
boat,ChesapeakeBay,two,bilgebiofilm,nonfilter,Norfolk,Callinectes,Box4-32,R1,not_duplicate,Box4-32
boat,ChesapeakeBay,two,bilgewater,nonfilter,Norfolk,Callinectes,Box4-31,R1,not_duplicate,Box4-31
boat,ChesapeakeBay,two,hull,nonfilter,Norfolk,Callinectes,Box4-33,R1,not_duplicate,Box4-33
openwater,ChesapeakeBay,two,nonswab,post,Norfolk,Callinectes,Box4-10,R1,not_duplicate,Box4-10
openwater,ChesapeakeBay,two,nonswab,pre,Norfolk,Callinectes,Box4-9,R1,not_duplicate,Box4-9
boat,ChesapeakeBay,two,rear,nonfilter,Norfolk,Callinectes,Box4-34,R1,not_duplicate,Box4-34
boat,ChesapeakeBay,three,bilgebiofilm,nonfilter,Baltimore,Lookdown,Box8-36,R1,not_duplicate,Box8-36
boat,ChesapeakeBay,three,bilgewater,nonfilter,Baltimore,Lookdown,Box8-35,R1,not_duplicate,Box8-35
boat,ChesapeakeBay,three,hull,nonfilter,Baltimore,Lookdown,Box8-37,R1,not_duplicate,Box8-37
openwater,ChesapeakeBay,three,nonswab,post,Baltimore,Lookdown,Box8-10,R1,not_duplicate,Box8-10
openwater,ChesapeakeBay,three,nonswab,pre,Baltimore,Lookdown,Box8-9,R1,not_duplicate,Box8-9
boat,ChesapeakeBay,three,rear,nonfilter,Baltimore,Lookdown,Box8-38,R1,not_duplicate,Box8-38
boat,ChesapeakeBay,four,bilgebiofilm,nonfilter,Norfolk,Lookdown,Box10-14,R1,not_duplicate,Box10-14
boat,ChesapeakeBay,four,bilgewater,nonfilter,Norfolk,Lookdown,Box10-13,R1,not_duplicate,Box10-13
boat,ChesapeakeBay,four,hull,nonfilter,Norfolk,Lookdown,Box10-15,R1,not_duplicate,Box10-15
openwater,ChesapeakeBay,four,nonswab,post,Norfolk,Lookdown,Box10-44,R1,not_duplicate,Box10-44
openwater,ChesapeakeBay,four,nonswab,pre,Norfolk,Lookdown,Box10-43,R1,not_duplicate,Box10-43
boat,ChesapeakeBay,four,rear,nonfilter,Norfolk,Lookdown,Box10-16,R1,not_duplicate,Box10-16
boat,ChesapeakeBay,one,bilgebiofilm,nonfilter,Baltimore,Callinectes,Box1-19x,R1,not_duplicate,Box1-19x
boat,ChesapeakeBay,one,bilgewater,nonfilter,Baltimore,Callinectes,Box1-20x,R1,not_duplicate,Box1-20x
boat,ChesapeakeBay,one,hull,nonfilter,Baltimore,Callinectes,Box1-13x,R1,not_duplicate,Box1-13x
openwater,ChesapeakeBay,one,nonswab,post,Baltimore,Callinectes,Box1-7,R1,not_duplicate,Box1-7
openwater,ChesapeakeBay,one,nonswab,pre,Baltimore,Callinectes,Box1-5,R1,not_duplicate,Box1-5
boat,ChesapeakeBay,one,rear,nonfilter,Baltimore,Callinectes,Box1-3x,R1,not_duplicate,Box1-3x
boat,ChesapeakeBay,three,bilgebiofilm,nonfilter,Baltimore,Lookdown,Box6-18,R1,not_duplicate,Box6-18
boat,ChesapeakeBay,three,bilgewater,nonfilter,Baltimore,Lookdown,Box6-17,R1,not_duplicate,Box6-17
boat,ChesapeakeBay,three,hull,nonfilter,Baltimore,Lookdown,Box6-19,R1,not_duplicate,Box6-19
openwater,ChesapeakeBay,three,nonswab,post,Baltimore,Lookdown,Box6-2,R1,not_duplicate,Box6-2
openwater,ChesapeakeBay,three,nonswab,pre,Baltimore,Lookdown,Box6-1,R1,not_duplicate,Box6-1
boat,ChesapeakeBay,three,rear,nonfilter,Baltimore,Lookdown,Box6-20,R1,not_duplicate,Box6-20
boat,ChesapeakeBay,one,bilgebiofilm,nonfilter,Baltimore,Callinectes,Box3-36,R1,not_duplicate,Box3-36
boat,ChesapeakeBay,one,bilgewater,nonfilter,Baltimore,Callinectes,Box3-35,R1,not_duplicate,Box3-35
boat,ChesapeakeBay,one,hull,nonfilter,Baltimore,Callinectes,Box3-37,R1,not_duplicate,Box3-37
openwater,ChesapeakeBay,one,nonswab,post,Baltimore,Callinectes,Box3-8,R1,not_duplicate,Box3-8
openwater,ChesapeakeBay,one,nonswab,pre,Baltimore,Callinectes,Box3-7,R1,not_duplicate,Box3-7
boat,ChesapeakeBay,one,rear,nonfilter,Baltimore,Callinectes,Box3-38,R1,not_duplicate,Box3-38
boat,ChesapeakeBay,three,bilgebiofilm,nonfilter,Baltimore,Lookdown,Box8-40,R1,not_duplicate,Box8-40
boat,ChesapeakeBay,three,bilgewater,nonfilter,Baltimore,Lookdown,Box8-39,R1,not_duplicate,Box8-39
boat,ChesapeakeBay,three,hull,nonfilter,Baltimore,Lookdown,Box8-41,R1,not_duplicate,Box8-41
openwater,ChesapeakeBay,three,nonswab,post,Baltimore,Lookdown,Box8-12,R1,not_duplicate,Box8-12
openwater,ChesapeakeBay,three,nonswab,pre,Baltimore,Lookdown,Box8-11,R1,not_duplicate,Box8-11
boat,ChesapeakeBay,three,rear,nonfilter,Baltimore,Lookdown,Box8-42,R1,not_duplicate,Box8-42
boat,ChesapeakeBay,one,bilgebiofilm,nonfilter,Baltimore,Callinectes,Box3-40,R1,not_duplicate,Box3-40
boat,ChesapeakeBay,one,bilgewater,nonfilter,Baltimore,Callinectes,Box3-39,R1,not_duplicate,Box3-39
boat,ChesapeakeBay,one,hull,nonfilter,Baltimore,Callinectes,Box3-41,R1,not_duplicate,Box3-41
openwater,ChesapeakeBay,one,nonswab,post,Baltimore,Callinectes,Box3-10,R1,not_duplicate,Box3-10
openwater,ChesapeakeBay,one,nonswab,pre,Baltimore,Callinectes,Box3-9,R1,not_duplicate,Box3-9
boat,ChesapeakeBay,one,rear,nonfilter,Baltimore,Callinectes,Box3-42,R1,not_duplicate,Box3-42
boat,ChesapeakeBay,two,bilgebiofilm,nonfilter,Norfolk,Callinectes,Box4-36,R1,not_duplicate,Box4-36
boat,ChesapeakeBay,two,bilgewater,nonfilter,Norfolk,Callinectes,Box4-35,R1,not_duplicate,Box4-35
boat,ChesapeakeBay,two,hull,nonfilter,Norfolk,Callinectes,Box4-37,R1,not_duplicate,Box4-37
openwater,ChesapeakeBay,two,nonswab,post,Norfolk,Callinectes,Box4-12,R1,not_duplicate,Box4-12
openwater,ChesapeakeBay,two,nonswab,pre,Norfolk,Callinectes,Box4-11,R1,not_duplicate,Box4-11
boat,ChesapeakeBay,two,rear,nonfilter,Norfolk,Callinectes,Box4-38,R1,not_duplicate,Box4-38
boat,ChesapeakeBay,three,bilgebiofilm,nonfilter,Baltimore,Lookdown,Box8-44,R1,not_duplicate,Box8-44
boat,ChesapeakeBay,three,bilgewater,nonfilter,Baltimore,Lookdown,Box8-43,R1,not_duplicate,Box8-43
boat,ChesapeakeBay,three,hull,nonfilter,Baltimore,Lookdown,Box8-45,R1,not_duplicate,Box8-45
openwater,ChesapeakeBay,three,nonswab,post,Baltimore,Lookdown,Box8-14,R1,not_duplicate,Box8-14
openwater,ChesapeakeBay,three,nonswab,pre,Baltimore,Lookdown,Box8-13,R1,not_duplicate,Box8-13
boat,ChesapeakeBay,three,rear,nonfilter,Baltimore,Lookdown,Box8-46,R1,not_duplicate,Box8-46
boat,ChesapeakeBay,four,bilgebiofilm,nonfilter,Norfolk,Lookdown,Box10-10,R1,not_duplicate,Box10-10
boat,ChesapeakeBay,four,bilgewater,nonfilter,Norfolk,Lookdown,Box10-9,R1,not_duplicate,Box10-9
boat,ChesapeakeBay,four,hull,nonfilter,Norfolk,Lookdown,Box10-11,R1,not_duplicate,Box10-11
openwater,ChesapeakeBay,four,nonswab,post,Norfolk,Lookdown,Box10-42,R1,not_duplicate,Box10-42
openwater,ChesapeakeBay,four,nonswab,pre,Norfolk,Lookdown,Box10-41,R1,not_duplicate,Box10-41
boat,ChesapeakeBay,four,rear,nonfilter,Norfolk,Lookdown,Box10-12,R1,not_duplicate,Box10-12
boat,ChesapeakeBay,one,bilgebiofilm,nonfilter,Baltimore,Callinectes,Box3-44,R1,not_duplicate,Box3-44
boat,ChesapeakeBay,one,bilgewater,nonfilter,Baltimore,Callinectes,Box3-43,R1,not_duplicate,Box3-43
boat,ChesapeakeBay,one,hull,nonfilter,Baltimore,Callinectes,Box3-45,R1,not_duplicate,Box3-45
openwater,ChesapeakeBay,one,nonswab,post,Baltimore,Callinectes,Box3-12,R1,not_duplicate,Box3-12
openwater,ChesapeakeBay,one,nonswab,pre,Baltimore,Callinectes,Box3-11,R1,not_duplicate,Box3-11
boat,ChesapeakeBay,one,rear,nonfilter,Baltimore,Callinectes,Box3-46,R1,not_duplicate,Box3-46
boat,ChesapeakeBay,three,bilgebiofilm,nonfilter,Baltimore,Lookdown,Box8-48,R1,not_duplicate,Box8-48
boat,ChesapeakeBay,three,bilgewater,nonfilter,Baltimore,Lookdown,Box8-47,R1,not_duplicate,Box8-47
boat,ChesapeakeBay,three,hull,nonfilter,Baltimore,Lookdown,Box8-49,R1,not_duplicate,Box8-49
openwater,ChesapeakeBay,three,nonswab,post,Baltimore,Lookdown,Box8-16,R1,not_duplicate,Box8-16
openwater,ChesapeakeBay,three,nonswab,pre,Baltimore,Lookdown,Box8-15,R1,not_duplicate,Box8-15
boat,ChesapeakeBay,three,rear,nonfilter,Baltimore,Lookdown,Box8-50,R1,not_duplicate,Box8-50
boat,ChesapeakeBay,one,bilgebiofilm,nonfilter,Baltimore,Callinectes,Box3-48,R1,not_duplicate,Box3-48
boat,ChesapeakeBay,one,bilgewater,nonfilter,Baltimore,Callinectes,Box3-47,R1,not_duplicate,Box3-47
boat,ChesapeakeBay,one,hull,nonfilter,Baltimore,Callinectes,Box3-49,R1,not_duplicate,Box3-49
openwater,ChesapeakeBay,one,nonswab,post,Baltimore,Callinectes,Box3-14,R1,not_duplicate,Box3-14
openwater,ChesapeakeBay,one,nonswab,pre,Baltimore,Callinectes,Box3-13,R1,not_duplicate,Box3-13
boat,ChesapeakeBay,one,rear,nonfilter,Baltimore,Callinectes,Box3-50,R1,not_duplicate,Box3-50
boat,ChesapeakeBay,two,bilgebiofilm,nonfilter,Norfolk,Callinectes,Box4-40,R1,not_duplicate,Box4-40
boat,ChesapeakeBay,two,bilgewater,nonfilter,Norfolk,Callinectes,Box4-39,R1,not_duplicate,Box4-39
openwater,ChesapeakeBay,two,nonswab,post,Norfolk,Callinectes,Box4-14,R1,not_duplicate,Box4-14
openwater,ChesapeakeBay,two,nonswab,pre,Norfolk,Callinectes,Box4-13,R1,not_duplicate,Box4-13
boat,ChesapeakeBay,two,rear,nonfilter,Norfolk,Callinectes,Box4-42,R1,not_duplicate,Box4-42
boat,ChesapeakeBay,three,bilgebiofilm,nonfilter,Baltimore,Lookdown,Box9-2,R1,not_duplicate,Box9-2
boat,ChesapeakeBay,three,bilgewater,nonfilter,Baltimore,Lookdown,Box9-1,R1,not_duplicate,Box9-1
boat,ChesapeakeBay,three,hull,nonfilter,Baltimore,Lookdown,Box9-3,R1,not_duplicate,Box9-3
openwater,ChesapeakeBay,three,nonswab,post,Baltimore,Lookdown,Box9-18,R1,not_duplicate,Box9-18
openwater,ChesapeakeBay,three,nonswab,pre,Baltimore,Lookdown,Box9-17,R1,not_duplicate,Box9-17
boat,ChesapeakeBay,three,rear,nonfilter,Baltimore,Lookdown,Box9-4,R1,not_duplicate,Box9-4
boat,ChesapeakeBay,four,bilgebiofilm,nonfilter,Norfolk,Lookdown,Box10-6,R1,not_duplicate,Box10-6
boat,ChesapeakeBay,four,bilgewater,nonfilter,Norfolk,Lookdown,Box10-5,R1,not_duplicate,Box10-5
boat,ChesapeakeBay,four,hull,nonfilter,Norfolk,Lookdown,Box10-7,R1,not_duplicate,Box10-7
openwater,ChesapeakeBay,four,nonswab,post,Norfolk,Lookdown,Box10-40,R1,not_duplicate,Box10-40
openwater,ChesapeakeBay,four,nonswab,pre,Norfolk,Lookdown,Box10-39,R1,not_duplicate,Box10-39
boat,ChesapeakeBay,four,rear,nonfilter,Norfolk,Lookdown,Box10-8,R1,not_duplicate,Box10-8
boat,ChesapeakeBay,one,bilgebiofilm,nonfilter,Baltimore,Callinectes,Box3-52,R1,not_duplicate,Box3-52
boat,ChesapeakeBay,one,bilgewater,nonfilter,Baltimore,Callinectes,Box3-51,R1,not_duplicate,Box3-51
boat,ChesapeakeBay,one,hull,nonfilter,Baltimore,Callinectes,Box3-53,R1,not_duplicate,Box3-53
openwater,ChesapeakeBay,one,nonswab,post,Baltimore,Callinectes,Box3-16,R1,not_duplicate,Box3-16
openwater,ChesapeakeBay,one,nonswab,pre,Baltimore,Callinectes,Box3-15,R1,not_duplicate,Box3-15
boat,ChesapeakeBay,one,rear,nonfilter,Baltimore,Callinectes,Box3-54,R1,not_duplicate,Box3-54
boat,ChesapeakeBay,three,bilgebiofilm,nonfilter,Baltimore,Lookdown,Box9-6,R1,not_duplicate,Box9-6
boat,ChesapeakeBay,three,bilgewater,nonfilter,Baltimore,Lookdown,Box9-5,R1,not_duplicate,Box9-5
boat,ChesapeakeBay,three,hull,nonfilter,Baltimore,Lookdown,Box9-7,R1,not_duplicate,Box9-7
openwater,ChesapeakeBay,three,nonswab,post,Baltimore,Lookdown,Box9-20,R1,not_duplicate,Box9-20
openwater,ChesapeakeBay,three,nonswab,pre,Baltimore,Lookdown,Box9-19,R1,not_duplicate,Box9-19
boat,ChesapeakeBay,three,rear,nonfilter,Baltimore,Lookdown,Box9-8,R1,not_duplicate,Box9-8
boat,ChesapeakeBay,one,bilgebiofilm,nonfilter,Baltimore,Callinectes,Box3-56,R1,not_duplicate,Box3-56
boat,ChesapeakeBay,one,hull,nonfilter,Baltimore,Callinectes,Box3-57,R1,not_duplicate,Box3-57
openwater,ChesapeakeBay,one,nonswab,post,Baltimore,Callinectes,Box3-18,R1,not_duplicate,Box3-18
openwater,ChesapeakeBay,one,nonswab,pre,Baltimore,Callinectes,Box3-17,R1,not_duplicate,Box3-17
boat,ChesapeakeBay,one,rear,nonfilter,Baltimore,Callinectes,Box3-58,R1,not_duplicate,Box3-58
boat,ChesapeakeBay,two,bilgebiofilm,nonfilter,Norfolk,Callinectes,Box4-44,R1,not_duplicate,Box4-44
boat,ChesapeakeBay,two,bilgewater,nonfilter,Norfolk,Callinectes,Box4-43,R1,not_duplicate,Box4-43
boat,ChesapeakeBay,two,hull,nonfilter,Norfolk,Callinectes,Box4-45,R1,not_duplicate,Box4-45
openwater,ChesapeakeBay,two,nonswab,post,Norfolk,Callinectes,Box4-16,R1,not_duplicate,Box4-16
openwater,ChesapeakeBay,two,nonswab,pre,Norfolk,Callinectes,Box4-15,R1,not_duplicate,Box4-15
boat,ChesapeakeBay,two,rear,nonfilter,Norfolk,Callinectes,Box4-46,R1,not_duplicate,Box4-46
boat,ChesapeakeBay,three,bilgebiofilm,nonfilter,Baltimore,Lookdown,Box9-10,R1,not_duplicate,Box9-10
boat,ChesapeakeBay,three,bilgewater,nonfilter,Baltimore,Lookdown,Box9-9,R1,not_duplicate,Box9-9
boat,ChesapeakeBay,three,hull,nonfilter,Baltimore,Lookdown,Box9-11,R1,not_duplicate,Box9-11
openwater,ChesapeakeBay,three,nonswab,post,Baltimore,Lookdown,Box9-22,R1,not_duplicate,Box9-22
openwater,ChesapeakeBay,three,nonswab,pre,Baltimore,Lookdown,Box9-21,R1,not_duplicate,Box9-21
boat,ChesapeakeBay,three,rear,nonfilter,Baltimore,Lookdown,Box9-12,R1,not_duplicate,Box9-12
boat,ChesapeakeBay,four,bilgebiofilm,nonfilter,Norfolk,Lookdown,Box10-2,R1,not_duplicate,Box10-2
boat,ChesapeakeBay,four,bilgewater,nonfilter,Norfolk,Lookdown,Box10-1,R1,not_duplicate,Box10-1
boat,ChesapeakeBay,four,hull,nonfilter,Norfolk,Lookdown,Box10-3,R1,not_duplicate,Box10-3
openwater,ChesapeakeBay,four,nonswab,post,Norfolk,Lookdown,Box10-38,R1,not_duplicate,Box10-38
openwater,ChesapeakeBay,four,nonswab,pre,Norfolk,Lookdown,Box10-37,R1,not_duplicate,Box10-37
boat,ChesapeakeBay,two,bilgebiofilm,nonfilter,Norfolk,Callinectes,Box5-22,R1,not_duplicate,Box5-22
boat,ChesapeakeBay,two,bilgewater,nonfilter,Norfolk,Callinectes,Box5-21,R1,not_duplicate,Box5-21
boat,ChesapeakeBay,two,hull,nonfilter,Norfolk,Callinectes,Box5-23,R1,not_duplicate,Box5-23
openwater,ChesapeakeBay,two,nonswab,post,Norfolk,Callinectes,Box5-6,R1,not_duplicate,Box5-6
openwater,ChesapeakeBay,two,nonswab,pre,Norfolk,Callinectes,Box5-5,R1,not_duplicate,Box5-5
boat,ChesapeakeBay,two,rear,nonfilter,Norfolk,Callinectes,Box5-24,R1,not_duplicate,Box5-24
boat,ChesapeakeBay,four,bilgebiofilm,nonfilter,Norfolk,Lookdown,Box11-6,R1,not_duplicate,Box11-6
boat,ChesapeakeBay,four,bilgewater,nonfilter,Norfolk,Lookdown,Box11-5,R1,not_duplicate,Box11-5
boat,ChesapeakeBay,four,hull,nonfilter,Norfolk,Lookdown,Box11-7,R1,not_duplicate,Box11-7
openwater,ChesapeakeBay,four,nonswab,post,Norfolk,Lookdown,Box11-35,R1,not_duplicate,Box11-35
openwater,ChesapeakeBay,four,nonswab,pre,Norfolk,Lookdown,Box11-34,R1,not_duplicate,Box11-34
boat,ChesapeakeBay,four,rear,nonfilter,Norfolk,Lookdown,Box11-8,R1,not_duplicate,Box11-8
boat,ChesapeakeBay,two,bilgebiofilm,nonfilter,Norfolk,Callinectes,Box5-26,R1,not_duplicate,Box5-26
boat,ChesapeakeBay,two,bilgewater,nonfilter,Norfolk,Callinectes,Box5-25,R1,not_duplicate,Box5-25
boat,ChesapeakeBay,two,hull,nonfilter,Norfolk,Callinectes,Box5-27,R1,not_duplicate,Box5-27
openwater,ChesapeakeBay,two,nonswab,post,Norfolk,Callinectes,Box5-8,R1,not_duplicate,Box5-8
openwater,ChesapeakeBay,two,nonswab,pre,Norfolk,Callinectes,Box5-7,R1,not_duplicate,Box5-7
boat,ChesapeakeBay,two,rear,nonfilter,Norfolk,Callinectes,Box5-28,R1,not_duplicate,Box5-28
boat,ChesapeakeBay,four,bilgebiofilm,nonfilter,Norfolk,Lookdown,Box11-10,R1,not_duplicate,Box11-10
boat,ChesapeakeBay,four,bilgewater,nonfilter,Norfolk,Lookdown,Box11-9,R1,not_duplicate,Box11-9
boat,ChesapeakeBay,four,hull,nonfilter,Norfolk,Lookdown,Box11-11,R1,not_duplicate,Box11-11
openwater,ChesapeakeBay,four,nonswab,post,Norfolk,Lookdown,Box11-37,R1,not_duplicate,Box11-37
openwater,ChesapeakeBay,four,nonswab,pre,Norfolk,Lookdown,Box11-36,R1,not_duplicate,Box11-36
boat,ChesapeakeBay,four,rear,nonfilter,Norfolk,Lookdown,Box11-12,R1,not_duplicate,Box11-12
boat,ChesapeakeBay,one,bilgebiofilm,nonfilter,Baltimore,Callinectes,Box1-1y,R1,not_duplicate,Box1-1y
boat,ChesapeakeBay,one,bilgewater,nonfilter,Baltimore,Callinectes,Box1-2y,R1,not_duplicate,Box1-2y
boat,ChesapeakeBay,one,hull,nonfilter,Baltimore,Callinectes,Box1-23o,R1,not_duplicate,Box1-23o
openwater,ChesapeakeBay,one,nonswab,post,Baltimore,Callinectes,Box1-1,R1,not_duplicate,Box1-1
openwater,ChesapeakeBay,one,nonswab,pre,Baltimore,Callinectes,Box1-3,R1,not_duplicate,Box1-3
boat,ChesapeakeBay,one,rear,nonfilter,Baltimore,Callinectes,Box1-22o,R1,not_duplicate,Box1-22o
boat,ChesapeakeBay,three,bilgebiofilm,nonfilter,Baltimore,Lookdown,Box6-22,R1,not_duplicate,Box6-22
boat,ChesapeakeBay,three,bilgewater,nonfilter,Baltimore,Lookdown,Box6-21,R1,not_duplicate,Box6-21
boat,ChesapeakeBay,three,hull,nonfilter,Baltimore,Lookdown,Box6-23,R1,not_duplicate,Box6-23
openwater,ChesapeakeBay,three,nonswab,post,Baltimore,Lookdown,Box6-4,R1,not_duplicate,Box6-4
openwater,ChesapeakeBay,three,nonswab,pre,Baltimore,Lookdown,Box6-3,R1,not_duplicate,Box6-3
boat,ChesapeakeBay,three,rear,nonfilter,Baltimore,Lookdown,Box6-24,R1,not_duplicate,Box6-24
boat,ChesapeakeBay,one,bilgebiofilm,nonfilter,Baltimore,Callinectes,Box1-1x,R1,not_duplicate,Box1-1x
boat,ChesapeakeBay,one,bilgewater,nonfilter,Baltimore,Callinectes,Box1-16o,R1,not_duplicate,Box1-16o
boat,ChesapeakeBay,one,hull,nonfilter,Baltimore,Callinectes,Box1-14x,R1,not_duplicate,Box1-14x
openwater,ChesapeakeBay,one,nonswab,post,Baltimore,Callinectes,Box1-15,R1,not_duplicate,Box1-15
openwater,ChesapeakeBay,one,nonswab,pre,Baltimore,Callinectes,Box1-6,R1,not_duplicate,Box1-6
boat,ChesapeakeBay,one,rear,nonfilter,Baltimore,Callinectes,Box1-4x,R1,not_duplicate,Box1-4x
boat,ChesapeakeBay,three,bilgebiofilm,nonfilter,Baltimore,Lookdown,Box6-26,R1,not_duplicate,Box6-26
boat,ChesapeakeBay,three,bilgewater,nonfilter,Baltimore,Lookdown,Box6-25,R1,not_duplicate,Box6-25
boat,ChesapeakeBay,three,hull,nonfilter,Baltimore,Lookdown,Box6-27,R1,not_duplicate,Box6-27
openwater,ChesapeakeBay,three,nonswab,post,Baltimore,Lookdown,Box6-6,R1,not_duplicate,Box6-6
openwater,ChesapeakeBay,three,nonswab,pre,Baltimore,Lookdown,Box6-5,R1,not_duplicate,Box6-5
boat,ChesapeakeBay,three,rear,nonfilter,Baltimore,Lookdown,Box6-28,R1,not_duplicate,Box6-28
boat,ChesapeakeBay,one,bilgebiofilm,nonfilter,Baltimore,Callinectes,Box1-10o,R1,not_duplicate,Box1-10o
boat,ChesapeakeBay,one,bilgewater,nonfilter,Baltimore,Callinectes,Box1-17o,R1,not_duplicate,Box1-17o
boat,ChesapeakeBay,one,hull,nonfilter,Baltimore,Callinectes,Box1-8o,R1,not_duplicate,Box1-8o
openwater,ChesapeakeBay,one,nonswab,post,Baltimore,Callinectes,Box1-18,R1,not_duplicate,Box1-18
openwater,ChesapeakeBay,one,nonswab,pre,Baltimore,Callinectes,Box1-14,R1,not_duplicate,Box1-14
boat,ChesapeakeBay,one,rear,nonfilter,Baltimore,Callinectes,Box1-2o,R1,not_duplicate,Box1-2o
boat,ChesapeakeBay,three,bilgebiofilm,nonfilter,Baltimore,Lookdown,Box6-30,R1,not_duplicate,Box6-30
boat,ChesapeakeBay,three,bilgewater,nonfilter,Baltimore,Lookdown,Box6-29,R1,not_duplicate,Box6-29
boat,ChesapeakeBay,three,hull,nonfilter,Baltimore,Lookdown,Box6-31,R1,not_duplicate,Box6-31
openwater,ChesapeakeBay,three,nonswab,post,Baltimore,Lookdown,Box6-8,R1,not_duplicate,Box6-8
openwater,ChesapeakeBay,three,nonswab,pre,Baltimore,Lookdown,Box6-7,R1,not_duplicate,Box6-7
boat,ChesapeakeBay,three,rear,nonfilter,Baltimore,Lookdown,Box6-32,R1,not_duplicate,Box6-32
boat,ChesapeakeBay,one,bilgebiofilm,nonfilter,Baltimore,Callinectes,Box1-2x,R1,not_duplicate,Box1-2x
boat,ChesapeakeBay,one,bilgewater,nonfilter,Baltimore,Callinectes,Box1-12x,R1,not_duplicate,Box1-12x
boat,ChesapeakeBay,one,hull,nonfilter,Baltimore,Callinectes,Box1-15x,R1,not_duplicate,Box1-15x
openwater,ChesapeakeBay,one,nonswab,post,Baltimore,Callinectes,Box1-2,R1,not_duplicate,Box1-2
openwater,ChesapeakeBay,one,nonswab,pre,Baltimore,Callinectes,Box1-4,R1,not_duplicate,Box1-4
boat,ChesapeakeBay,one,rear,nonfilter,Baltimore,Callinectes,Box1-5x,R1,not_duplicate,Box1-5x
boat,ChesapeakeBay,three,bilgebiofilm,nonfilter,Baltimore,Lookdown,Box6-34,R1,not_duplicate,Box6-34
boat,ChesapeakeBay,three,bilgewater,nonfilter,Baltimore,Lookdown,Box6-33,R1,not_duplicate,Box6-33
boat,ChesapeakeBay,three,hull,nonfilter,Baltimore,Lookdown,Box6-35,R1,not_duplicate,Box6-35
openwater,ChesapeakeBay,three,nonswab,post,Baltimore,Lookdown,Box6-10,R1,not_duplicate,Box6-10
openwater,ChesapeakeBay,three,nonswab,pre,Baltimore,Lookdown,Box6-9,R1,not_duplicate,Box6-9
boat,ChesapeakeBay,three,rear,nonfilter,Baltimore,Lookdown,Box6-36,R1,not_duplicate,Box6-36
boat,ChesapeakeBay,one,bilgebiofilm,nonfilter,Baltimore,Callinectes,Box1-11o,R1,not_duplicate,Box1-11o
boat,ChesapeakeBay,one,bilgewater,nonfilter,Baltimore,Callinectes,Box1-18o,R1,not_duplicate,Box1-18o
boat,ChesapeakeBay,one,hull,nonfilter,Baltimore,Callinectes,Box1-14o,R1,not_duplicate,Box1-14o
openwater,ChesapeakeBay,one,nonswab,post,Baltimore,Callinectes,Box1-10,R1,not_duplicate,Box1-10
openwater,ChesapeakeBay,one,nonswab,pre,Baltimore,Callinectes,Box1-8,R1,not_duplicate,Box1-8
boat,ChesapeakeBay,one,rear,nonfilter,Baltimore,Callinectes,Box1-3o,R1,not_duplicate,Box1-3o
boat,ChesapeakeBay,three,bilgebiofilm,nonfilter,Baltimore,Lookdown,Box6-38,R1,not_duplicate,Box6-38
boat,ChesapeakeBay,three,bilgewater,nonfilter,Baltimore,Lookdown,Box6-37,R1,not_duplicate,Box6-37
boat,ChesapeakeBay,three,hull,nonfilter,Baltimore,Lookdown,Box6-39,R1,not_duplicate,Box6-39
openwater,ChesapeakeBay,three,nonswab,post,Baltimore,Lookdown,Box6-12,R1,not_duplicate,Box6-12
openwater,ChesapeakeBay,three,nonswab,pre,Baltimore,Lookdown,Box6-11,R1,not_duplicate,Box6-11
boat,ChesapeakeBay,three,rear,nonfilter,Baltimore,Lookdown,Box6-40,R1,not_duplicate,Box6-40
boat,ChesapeakeBay,one,bilgebiofilm,nonfilter,Baltimore,Callinectes,Box1-9x,R1,not_duplicate,Box1-9x
boat,ChesapeakeBay,one,bilgewater,nonfilter,Baltimore,Callinectes,Box1-23x,R1,not_duplicate,Box1-23x
boat,ChesapeakeBay,one,hull,nonfilter,Baltimore,Callinectes,Box1-16x,R1,not_duplicate,Box1-16x
openwater,ChesapeakeBay,one,nonswab,post,Baltimore,Callinectes,Box1-22,R1,not_duplicate,Box1-22
openwater,ChesapeakeBay,one,nonswab,pre,Baltimore,Callinectes,Box1-20,R1,not_duplicate,Box1-20
boat,ChesapeakeBay,one,rear,nonfilter,Baltimore,Callinectes,Box1-6x,R1,not_duplicate,Box1-6x
boat,ChesapeakeBay,three,bilgebiofilm,nonfilter,Baltimore,Lookdown,Box6-42,R1,not_duplicate,Box6-42
boat,ChesapeakeBay,three,bilgewater,nonfilter,Baltimore,Lookdown,Box6-41,R1,not_duplicate,Box6-41
boat,ChesapeakeBay,three,hull,nonfilter,Baltimore,Lookdown,Box6-43,R1,not_duplicate,Box6-43
openwater,ChesapeakeBay,three,nonswab,post,Baltimore,Lookdown,Box6-14,R1,not_duplicate,Box6-14
openwater,ChesapeakeBay,three,nonswab,pre,Baltimore,Lookdown,Box6-13,R1,not_duplicate,Box6-13
boat,ChesapeakeBay,three,rear,nonfilter,Baltimore,Lookdown,Box6-44,R1,not_duplicate,Box6-44
boat,ChesapeakeBay,one,bilgebiofilm,nonfilter,Baltimore,Callinectes,Box1-12o,R1,not_duplicate,Box1-12o
boat,ChesapeakeBay,one,bilgewater,nonfilter,Baltimore,Callinectes,Box1-20o,R1,not_duplicate,Box1-20o
boat,ChesapeakeBay,one,hull,nonfilter,Baltimore,Callinectes,Box1-6o,R1,not_duplicate,Box1-6o
openwater,ChesapeakeBay,one,nonswab,pre,Baltimore,Callinectes,Box1-13,R1,not_duplicate,Box1-13
boat,ChesapeakeBay,one,rear,nonfilter,Baltimore,Callinectes,Box1-4o,R1,not_duplicate,Box1-4o
boat,ChesapeakeBay,three,bilgebiofilm,nonfilter,Baltimore,Lookdown,Box6-46,R1,not_duplicate,Box6-46
boat,ChesapeakeBay,three,bilgewater,nonfilter,Baltimore,Lookdown,Box6-45,R1,not_duplicate,Box6-45
boat,ChesapeakeBay,three,hull,nonfilter,Baltimore,Lookdown,Box6-47,R1,not_duplicate,Box6-47
openwater,ChesapeakeBay,three,nonswab,post,Baltimore,Lookdown,Box6-16,R1,not_duplicate,Box6-16
openwater,ChesapeakeBay,three,nonswab,pre,Baltimore,Lookdown,Box6-15,R1,not_duplicate,Box6-15
boat,ChesapeakeBay,three,rear,nonfilter,Baltimore,Lookdown,Box6-48,R1,not_duplicate,Box6-48
boat,ChesapeakeBay,one,bilgebiofilm,nonfilter,Baltimore,Callinectes,Box1-10x,R1,not_duplicate,Box1-10x
boat,ChesapeakeBay,one,bilgewater,nonfilter,Baltimore,Callinectes,Box1-22x,R1,not_duplicate,Box1-22x
boat,ChesapeakeBay,one,hull,nonfilter,Baltimore,Callinectes,Box1-17x,R1,not_duplicate,Box1-17x
openwater,ChesapeakeBay,one,nonswab,post,Baltimore,Callinectes,Box1-19,R1,not_duplicate,Box1-19
openwater,ChesapeakeBay,one,nonswab,pre,Baltimore,Callinectes,Box1-11,R1,not_duplicate,Box1-11
boat,ChesapeakeBay,one,rear,nonfilter,Baltimore,Callinectes,Box1-7x,R1,not_duplicate,Box1-7x
boat,ChesapeakeBay,three,bilgebiofilm,nonfilter,Baltimore,Lookdown,Box7-2,R1,not_duplicate,Box7-2
boat,ChesapeakeBay,three,bilgewater,nonfilter,Baltimore,Lookdown,Box7-1,R1,not_duplicate,Box7-1
boat,ChesapeakeBay,three,hull,nonfilter,Baltimore,Lookdown,Box7-3,R1,not_duplicate,Box7-3
openwater,ChesapeakeBay,three,nonswab,post,Baltimore,Lookdown,Box7-30,R1,not_duplicate,Box7-30
openwater,ChesapeakeBay,three,nonswab,pre,Baltimore,Lookdown,Box7-29,R1,not_duplicate,Box7-29
boat,ChesapeakeBay,three,rear,nonfilter,Baltimore,Lookdown,Box7-4,R1,not_duplicate,Box7-4
boat,ChesapeakeBay,two,internalbilgebiofilm,nonfilter,Norfolk,Callinectes,Box5-37,R1,not_duplicate,Box5-37
boat,ChesapeakeBay,two,internalbilgebiofilm,nonfilter,Norfolk,Callinectes,Box5-40,R1,not_duplicate,Box5-40
boat,ChesapeakeBay,two,internalbilgebiofilm,nonfilter,Norfolk,Callinectes,Box5-38,R1,not_duplicate,Box5-38
boat,ChesapeakeBay,two,internalbilgebiofilm,nonfilter,Norfolk,Callinectes,Box5-41,R1,not_duplicate,Box5-41
control,ChesapeakeBay,NA,NA,NA,NA,NA,Plate1-negcont1,R1,not_duplicate,Plate1-negcont1
control,ChesapeakeBay,NA,NA,NA,NA,NA,Plate1-negcont2,R1,not_duplicate,Plate1-negcont2
control,ChesapeakeBay,NA,NA,NA,NA,NA,Plate1-negcont3,R1,not_duplicate,Plate1-negcont3
control,ChesapeakeBay,NA,NA,NA,NA,NA,Plate2-negcont6,R1,not_duplicate,Plate2-negcont6
control,ChesapeakeBay,NA,NA,NA,NA,NA,Plate3-negcont3,R1,not_duplicate,Plate3-negcont3
control,ChesapeakeBay,NA,NA,NA,NA,NA,Plate4-negcont3,R1,not_duplicate,Plate4-negcont3
control,ChesapeakeBay,NA,NA,NA,NA,NA,Plate5-negcont2,R1,not_duplicate,Plate5-negcont2
control,ChesapeakeBay,NA,NA,NA,NA,NA,Plate5-negcont3,R1,not_duplicate,Plate5-negcont3
control,ChesapeakeBay,NA,NA,NA,NA,NA,Plate5-negcont5,R1,not_duplicate,Plate5-negcont5
control,ChesapeakeBay,NA,NA,NA,NA,NA,Plate5-negcont7,R1,not_duplicate,Plate5-negcont7
control,ChesapeakeBay,NA,NA,NA,NA,NA,Plate5-negcont8,R1,not_duplicate,Plate5-negcont8
control,ChesapeakeBay,NA,NA,NA,NA,NA,Plate7-negcont1,R1,not_duplicate,Plate7-negcont1
control,ChesapeakeBay,NA,NA,NA,NA,NA,Plate7-negcont2,R1,not_duplicate,Plate7-negcont2
control,ChesapeakeBay,NA,NA,NA,NA,NA,Plate7-negcont3,R1,not_duplicate,Plate7-negcont3
control,ChesapeakeBay,NA,NA,NA,NA,NA,Plate7-negcont4,R1,not_duplicate,Plate7-negcont4
blank,ChesapeakeBay,NA,NA,NA,NA,NA,Box11-27,R1,not_duplicate,Box11-27
blank,ChesapeakeBay,NA,NA,NA,NA,NA,Box11-28,R1,not_duplicate,Box11-28
blank,ChesapeakeBay,NA,NA,NA,NA,NA,Box11-29,R1,not_duplicate,Box11-29
blank,ChesapeakeBay,NA,NA,NA,NA,NA,Box11-30,R1,not_duplicate,Box11-30
blank,ChesapeakeBay,NA,NA,NA,NA,NA,Box11-31,R1,not_duplicate,Box11-31
blank,ChesapeakeBay,NA,NA,NA,NA,NA,Box11-22,R1,not_duplicate,Box11-22
blank,ChesapeakeBay,NA,NA,NA,NA,NA,Box11-23,R1,not_duplicate,Box11-23
blank,ChesapeakeBay,NA,NA,NA,NA,NA,Box11-24,R1,not_duplicate,Box11-24
blank,ChesapeakeBay,NA,NA,NA,NA,NA,Box11-25,R1,not_duplicate,Box11-25
blank,ChesapeakeBay,NA,NA,NA,NA,NA,Box11-26,R1,not_duplicate,Box11-26
blank,ChesapeakeBay,NA,NA,NA,NA,NA,Box11-17,R1,not_duplicate,Box11-17
blank,ChesapeakeBay,NA,NA,NA,NA,NA,Box11-18,R1,not_duplicate,Box11-18
blank,ChesapeakeBay,NA,NA,NA,NA,NA,Box11-19,R1,not_duplicate,Box11-19
blank,ChesapeakeBay,NA,NA,NA,NA,NA,Box11-20,R1,not_duplicate,Box11-20
blank,ChesapeakeBay,NA,NA,NA,NA,NA,Box11-21,R1,not_duplicate,Box11-21
openwater,ChesapeakeBay,one,nonswab,post,Baltimore,Callinectes,Box3-20,R1,not_duplicate,Box3-20
openwater,ChesapeakeBay,one,nonswab,pre,Baltimore,Callinectes,Box3-19,R1,not_duplicate,Box3-19
boat,ChesapeakeBay,one,rear,nonfilter,Baltimore,Callinectes,Box1-21o,R1,not_duplicate,Box1-21o
boat,ChesapeakeBay,four,bilgebiofilm,nonfilter,Norfolk,Lookdown,Box10-34,R1,not_duplicate,Box10-34
boat,ChesapeakeBay,four,bilgewater,nonfilter,Norfolk,Lookdown,Box10-33,R1,not_duplicate,Box10-33
boat,ChesapeakeBay,four,hull,nonfilter,Norfolk,Lookdown,Box10-35,R1,not_duplicate,Box10-35
openwater,ChesapeakeBay,four,nonswab,post,Norfolk,Lookdown,Box10-54,R1,not_duplicate,Box10-54
openwater,ChesapeakeBay,four,nonswab,pre,Norfolk,Lookdown,Box10-53,R1,not_duplicate,Box10-53
boat,ChesapeakeBay,four,rear,nonfilter,Norfolk,Lookdown,Box10-36,R1,not_duplicate,Box10-36
openwater,ChesapeakeBay,NA,nonswab,post,NA,NA,Box11-39,R1,not_duplicate,Box11-39
boat,ChesapeakeBay,two,drip,drip,Norfolk,Callinectes,Box4-55,R1,not_duplicate,Box4-55
boat,ChesapeakeBay,four,bilgebiofilm,nonfilter,Norfolk,Lookdown,Box11-14,R1,not_duplicate,Box11-14
boat,ChesapeakeBay,four,bilgewater,nonfilter,Norfolk,Lookdown,Box11-13,R1,not_duplicate,Box11-13
boat,ChesapeakeBay,four,hull,nonfilter,Norfolk,Lookdown,Box11-15,R1,not_duplicate,Box11-15
openwater,ChesapeakeBay,four,nonswab,pre,Norfolk,Lookdown,Box11-38,R1,not_duplicate,Box11-38
boat,ChesapeakeBay,four,rear,nonfilter,Norfolk,Lookdown,Box11-16,R1,not_duplicate,Box11-16
